Name,Email,Mobile,Age,Gender
alan joses,alan.j@2basetechnologies.com,8848380552,29,Male
Joseph kj,josefphgg@gmail.com,9446132528,67,Male
alan,algadd.j@2basetechnologies.com,565888885,38,Male
Serah listin,algaddd.j@2basetechnologies.com,565888885,5,Female
ghhfgh,alahghn.j@2basetechnologies.com,8848380552,43,Male
dgfgfg,algggggan.j@2basetechnologies.com,8848380552,33,Male
anjella,anjella.k@2basetechnologies.com,985885555,22,Female
gdfg,fghgf@ddkff.com,545454544,76,Female
test,test@yopmail.com,54545444,54,Male
thomas,alantt.j@2basetechnologies.com,2558380552,54,Male
tharun,tharun@gmail.com,45445445,65,Female
Ankitha,ankitha.k@2basetechnologies.com,985885555,22,Female
arun,arun@gmail.com,9685555555,18,Male
arun,,9685555555,18,Male
drr,alfgfgan.j@2basetechnologies.com,,32,Male
gyyyy,alajhjhn.j@2basetechnologies.com,8848380552,33,Female
vishnu raj,vishnu@hdd.com,874585255,28,Male
jithin geirge,jithin@gmail.com,,30,Male
,jithins@gmail.com,,30,Female
ghghg,retrtte@jere.com,,,Male
,denny@gmail.com,,,Male
,tessa@gmail.com,,,Female
naveen33,naveen@gmail.com,85858588,45,
